english_term,greek_term,category,subcategory,difficulty_level,clinical_relevance,related_terms,synonyms,definition,definition_gr
skull,κρανίο,anatomy,Skeletal system,basic,high,mandible; spine,cranium,"The skull is the bony structure that forms the head, protecting the brain:contentReference[oaicite:0]{index=0}.",Το κρανίο είναι ο οστέινος σχηματισμός που σχηματίζει το κεφάλι και προστατεύει τον εγκέφαλο.
mandible,κάτω γνάθος,anatomy,Skeletal system,basic,high,skull; maxilla,lower jaw,"The mandible, or lower jaw, is the largest bone of the human skull and forms the lower jawline.","Η κάτω γνάθος είναι το μεγαλύτερο οστό του ανθρώπινου κρανίου, αποτελώντας την κάτω σιαγόνα."
clavicle,κλείδα,anatomy,Skeletal system,basic,high,scapula; sternum,collar bone,The clavicle (collarbone) is a long bone that connects the shoulder blade to the sternum in the upper chest.,Η κλείδα είναι ένα μακρύ οστό που συνδέει την ωμοπλάτη με το στέρνο στο άνω μέρος του θώρακα.
scapula,ωμοπλάτη,anatomy,Skeletal system,basic,high,clavicle; humerus,shoulder blade,The scapula (shoulder blade) is a flat triangular bone located in the upper back that forms the back part of the shoulder girdle.,Η ωμοπλάτη είναι ένα επίπεδο τριγωνικό οστό στην άνω πλάτη που αποτελεί το οπίσθιο μέρος της ωμικής ζώνης.
sternum,στέρνο,anatomy,Skeletal system,basic,high,rib cage; clavicle,breastbone,"The sternum (breastbone) is a flat bone at the front center of the chest, connecting to the ribs and clavicles to form the rib cage:contentReference[oaicite:1]{index=1}.","Το στέρνο είναι ένα επίπεδο οστό στο πρόσθιο κέντρο του θώρακα, που συνδέεται με τις πλευρές και τις κλείδες σχηματίζοντας τον θωρακικό κλωβό."
rib cage,θωρακικός κλωβός,anatomy,Skeletal system,basic,high,sternum; spine; ribs,,"The rib cage is the bony structure in the chest formed by the ribs and sternum, which protects the heart and lungs:contentReference[oaicite:2]{index=2}.",Ο θωρακικός κλωβός είναι η οστέινη δομή στο στήθος που σχηματίζεται από τις πλευρές και το στέρνο και προστατεύει την καρδιά και τους πνεύμονες.
humerus,βραχιόνιο οστό,anatomy,Skeletal system,basic,medium,radius; ulna; scapula,,"The humerus is the long bone of the upper arm, extending from the shoulder to the elbow.",Το βραχιόνιο οστό είναι το μακρύ οστό του άνω άκρου που εκτείνεται από τον ώμο ως τον αγκώνα.
radius,κερκίδα,anatomy,Skeletal system,basic,medium,ulna; humerus,,"The radius is one of the two bones of the forearm, located on the lateral side (thumb side) of the forearm.","Η κερκίδα είναι ένα από τα δύο οστά του αντιβραχίου, που βρίσκεται στην έξω πλευρά του αντιβραχίου (πλευρά του αντίχειρα)."
ulna,ωλένη,anatomy,Skeletal system,basic,medium,radius; humerus,,"The ulna is the medial bone of the forearm, running from the elbow to the smallest finger side of the wrist.","Η ωλένη είναι το έσω οστό του αντιβραχίου, που εκτείνεται από τον αγκώνα μέχρι την πλευρά του καρπού προς το μικρό δάκτυλο."
spine,σπονδυλική στήλη,anatomy,Skeletal system,basic,high,vertebra; pelvis,vertebral column,"The spine (vertebral column) is the series of vertebrae extending from the skull to the pelvis, protecting the spinal cord.","Η σπονδυλική στήλη είναι η σειρά σπονδύλων που εκτείνεται από το κρανίο έως την πυέλο, προστατεύοντας τον νωτιαίο μυελό."
vertebra,σπόνδυλος,anatomy,Skeletal system,basic,medium,spine,,A vertebra is one of the individual bones that make up the vertebral column (spine).,Ο σπόνδυλος είναι ένα από τα επιμέρους οστά που συνθέτουν τη σπονδυλική στήλη.
pelvis,πυέλος,anatomy,Skeletal system,basic,high,spine; femur,bony pelvis,"The pelvis is the lower bony structure of the trunk, composed of the hip bones, sacrum, and coccyx, supporting the spinal column and legs.","Η πυέλος είναι η κάτω οστέινη δομή του κορμού, αποτελούμενη από τα οστά της λεκάνης, το ιερό οστό και τον κόκκυγα, υποστηρίζοντας τη σπονδυλική στήλη και τα πόδια."
sacrum,ιερό οστό,anatomy,Skeletal system,intermediate,medium,pelvis; spine,,"The sacrum is a triangular bone at the base of the spine, formed by fused vertebrae, and is part of the pelvic structure.","Το ιερό οστό είναι ένα τριγωνικό οστό στη βάση της σπονδυλικής στήλης, σχηματισμένο από συνοστεωμένους σπονδύλους, και αποτελεί μέρος της δομής της πυέλου."
carpals,καρπιαία οστά,anatomy,Skeletal system,basic,medium,metacarpals; phalanges,wrist bones,"The carpals are the eight small bones that make up the wrist joint, connecting the forearm to the hand.","Τα καρπιαία οστά είναι τα οκτώ μικρά οστά που σχηματίζουν την άρθρωση του καρπού, συνδέοντας το αντιβράχιο με το χέρι."
metacarpals,μετακάρπια οστά,anatomy,Skeletal system,basic,medium,carpals; phalanges,hand bones,"The metacarpals are the five long bones in the hand, located between the carpals (wrist bones) and the phalanges (finger bones).","Τα μετακάρπια οστά είναι τα πέντε μακριά οστά του χεριού, που βρίσκονται μεταξύ των καρπιαίων οστών (καρπού) και των φαλάγγων (οστά δακτύλων)."
phalanges,φάλαγγες,anatomy,Skeletal system,basic,medium,metacarpals,finger bones,"Phalanges are the bones of the fingers and toes; in the hand, each finger has three phalanges (except the thumb which has two).","Οι φάλαγγες είναι τα οστά των δακτύλων των χεριών και των ποδιών· στο χέρι, κάθε δάκτυλο έχει τρεις φάλαγγες (εκτός από τον αντίχειρα που έχει δύο)."
superficial temporal artery,επιπολής κροταφική αρτηρία,anatomy,Cardiovascular system,advanced,medium,external carotid artery,temporal artery,"The superficial temporal artery is a major artery of the head, arising from the external carotid artery:contentReference[oaicite:3]{index=3}.",Η επιπολής κροταφική αρτηρία είναι ο μικρότερος από τους δύο τελικούς κλάδους της έξω καρωτίδας:contentReference[oaicite:4]{index=4}.
internal jugular vein,έσω σφαγίτιδα φλέβα,anatomy,Cardiovascular system,intermediate,high,external jugular vein; carotid artery,jugular vein,"The internal jugular vein is a large vein in the neck that drains blood from the brain, face, and neck, and returns it to the heart.","Η έσω σφαγίτιδα φλέβα είναι μια μεγάλη φλέβα στον τράχηλο που παροχετεύει αίμα από τον εγκέφαλο, το πρόσωπο και τον λαιμό, επιστρέφοντάς το στην καρδιά."
common carotid artery,κοινή καρωτίδα αρτηρία,anatomy,Cardiovascular system,basic,high,jugular vein; external carotid artery,carotid artery,The common carotid artery is a major artery in the neck that supplies blood to the head and neck; its pulse (carotid pulse) is often checked in physical exams:contentReference[oaicite:5]{index=5}.,Η κοινή καρωτίδα είναι μια κύρια αρτηρία στον τράχηλο που αιματώνει το κεφάλι και τον λαιμό· ο σφυγμός της (σφυγμός καρωτίδας) ελέγχεται συχνά στην κλινική εξέταση.
thyroid gland,θυρεοειδής αδένας,anatomy,Endocrine system,basic,high,trachea; larynx,,"The thyroid gland is an endocrine gland located in the neck, producing hormones that regulate metabolism.","Ο θυρεοειδής αδένας είναι ένας ενδοκρινής αδένας στον τράχηλο, που παράγει ορμόνες ρυθμιστικές του μεταβολισμού."
trachea,τραχεία,anatomy,Respiratory system,basic,high,larynx; bronchi,windpipe,"The trachea, or windpipe, is the airway tube that connects the larynx to the bronchi, allowing passage of air to the lungs.","Η τραχεία είναι ο αεραγωγός σωλήνας που συνδέει τον λάρυγγα με τους βρόγχους, επιτρέποντας τη διέλευση του αέρα προς τους πνεύμονες."
palatine tonsils,παλατινές αμυγδαλές,anatomy,Lymphatic system,basic,medium,pharynx; lymph nodes,tonsils,"The palatine tonsils (tonsils) are masses of lymphoid tissue located at the back of the throat, which help fight infections.","Οι παλατινές αμυγδαλές είναι μάζες λεμφικού ιστού στο πίσω μέρος του φάρυγγα, που βοηθούν στην αντιμετώπιση λοιμώξεων."
tongue,γλώσσα,anatomy,Digestive system,basic,high,mouth; taste buds,,"The tongue is a muscular organ in the mouth that assists in chewing, swallowing, and is the primary organ of taste.","Η γλώσσα είναι ένας μυώδης οργανισμός στο στόμα που βοηθά στη μάσηση, στην κατάποση και αποτελεί το κύριο όργανο της γεύσης."
teeth,δόντια,anatomy,Digestive system,basic,high,mandible; maxilla,tooth (singular),"The teeth are hard, calcified structures in the mouth used for biting and chewing food.","Τα δόντια είναι σκληρές, ασβεστοποιημένες δομές στο στόμα που χρησιμοποιούνται για το δάγκωμα και τη μάσηση της τροφής."
pharynx,φάρυγγας,anatomy,Digestive system,basic,high,esophagus; trachea,throat,"The pharynx (throat) is the muscular tube that connects the nasal and oral cavities to the esophagus and larynx, serving both respiratory and digestive functions.","Ο φάρυγγας είναι ο μυϊκός σωλήνας που συνδέει τις ρινικές και στοματικές κοιλότητες με τον οισοφάγο και τον λάρυγγα, εξυπηρετώντας τόσο την αναπνοή όσο και την πέψη."
heart,καρδιά,anatomy,Cardiovascular system,basic,high,aorta; lungs,cardiac organ,"The heart is a muscular organ that pumps blood through the circulatory system, supplying oxygen and nutrients to tissues.","Η καρδιά είναι ένα μυϊκό όργανο που αντλεί αίμα στο κυκλοφορικό σύστημα, παρέχοντας οξυγόνο και θρεπτικά συστατικά στους ιστούς."
lung,πνεύμονας,anatomy,Respiratory system,basic,high,bronchus; trachea,pulmonary organ,"The lung is a respiratory organ responsible for gas exchange, taking in oxygen and expelling carbon dioxide.","Ο πνεύμονας είναι το αναπνευστικό όργανο υπεύθυνο για την ανταλλαγή αερίων, προσλαμβάνοντας οξυγόνο και αποβάλλοντας διοξείδιο του άνθρακα."
bronchus,βρόγχος,anatomy,Respiratory system,basic,high,trachea; lungs,bronchi (plural),"A bronchus is one of the two large air passages that branch from the trachea into each lung, further dividing into smaller bronchioles:contentReference[oaicite:6]{index=6}.",Ο βρόγχος είναι μία από τις δύο μεγάλες αεροφόρους οδούς που διακλαδίζονται από την τραχεία σε κάθε πνεύμονα και περαιτέρω διαιρούνται σε μικρότερους βρογχίους.
esophagus,οισοφάγος,anatomy,Digestive system,basic,high,pharynx; stomach,food pipe,The esophagus is the muscular tube that carries food and liquids from the pharynx to the stomach.,Ο οισοφάγος είναι ο μυϊκός σωλήνας που μεταφέρει την τροφή και τα υγρά από τον φάρυγγα στο στομάχι.
aorta,αορτή,anatomy,Cardiovascular system,basic,high,heart; arteries,,"The aorta is the largest artery in the body, originating from the heart's left ventricle and distributing oxygenated blood to the circulatory system:contentReference[oaicite:7]{index=7}.","Η αορτή είναι η μεγαλύτερη αρτηρία του σώματος, ξεκινά από την αριστερή κοιλία της καρδιάς και διανέμει οξυγονωμένο αίμα στο κυκλοφορικό σύστημα."
mitral valve,μιτροειδής βαλβίδα,anatomy,Cardiovascular system,intermediate,high,heart; tricuspid valve,bicuspid valve,"The mitral valve is one of the four heart valves, located between the left atrium and left ventricle, preventing backflow of blood into the atrium:contentReference[oaicite:8]{index=8}.","Η μιτροειδής βαλβίδα είναι μία από τις τέσσερις καρδιακές βαλβίδες, βρίσκεται μεταξύ του αριστερού κόλπου και της αριστερής κοιλίας και εμποδίζει την παλινδρόμηση αίματος προς τον κόλπο."
tricuspid valve,τριγλώχινη βαλβίδα,anatomy,Cardiovascular system,intermediate,high,heart; mitral valve,,"The tricuspid valve is the heart valve located between the right atrium and right ventricle, ensuring one-way blood flow from atrium to ventricle:contentReference[oaicite:9]{index=9}.","Η τριγλώχινη βαλβίδα είναι η καρδιακή βαλβίδα που βρίσκεται μεταξύ του δεξιού κόλπου και της δεξιάς κοιλίας, διασφαλίζοντας τη μονόδρομη ροή αίματος από τον κόλπο στην κοιλία."
aortic valve,αορτική βαλβίδα,anatomy,Cardiovascular system,intermediate,high,heart; pulmonary valve,,"The aortic valve is the valve between the left ventricle of the heart and the aorta, which opens to allow blood to exit the heart into the aorta:contentReference[oaicite:10]{index=10}.","Η αορτική βαλβίδα είναι η βαλβίδα μεταξύ της αριστερής κοιλίας της καρδιάς και της αορτής, η οποία ανοίγει για να επιτρέψει στο αίμα να εξέλθει από την καρδιά προς την αορτή."
pulmonary valve,πνευμονική βαλβίδα,anatomy,Cardiovascular system,intermediate,high,heart; aortic valve,,"The pulmonary valve is the heart valve between the right ventricle and the pulmonary artery, allowing blood to flow to the lungs and preventing backflow into the ventricle:contentReference[oaicite:11]{index=11}.","Η πνευμονική βαλβίδα είναι η καρδιακή βαλβίδα μεταξύ της δεξιάς κοιλίας και της πνευμονικής αρτηρίας, που επιτρέπει τη ροή του αίματος προς τους πνεύμονες και αποτρέπει την παλινδρόμηση στην κοιλία."
liver,ήπαρ,anatomy,Digestive system,basic,high,gallbladder; pancreas,liver organ,"The liver is a vital organ found in vertebrates that performs many essential functions (detoxification, protein synthesis, bile production):contentReference[oaicite:12]{index=12}.","Το ήπαρ ή συκώτι είναι ζωτικό όργανο που επιτελεί πολλές βασικές λειτουργίες, όπως αποτοξίνωση, σύνθεση πρωτεϊνών και παραγωγή χολής:contentReference[oaicite:13]{index=13}."
spleen,σπλήνας,anatomy,Lymphatic system,basic,high,lymph nodes; immune system,,The spleen is an organ in the upper left abdomen involved in filtering blood and supporting the immune system by managing blood cells.,Ο σπλήνας είναι ένα όργανο στο πάνω αριστερό μέρος της κοιλιάς που συμμετέχει στη διήθηση του αίματος και υποστηρίζει το ανοσοποιητικό σύστημα μέσω της διαχείρισης των αιμοσφαιρίων.
kidney,νεφρός,anatomy,Urinary system,basic,high,ureter; bladder,renal organ,A kidney is one of the two bean-shaped organs in the back of the abdomen that filter blood to produce urine:contentReference[oaicite:14]{index=14}.,Ο νεφρός είναι ένα από τα δύο οργανοειδή σε σχήμα φασολιού στο πίσω μέρος της κοιλιάς που φιλτράρουν το αίμα για την παραγωγή ούρων.
adrenal gland,επινεφρίδιος αδένας,anatomy,Endocrine system,intermediate,medium,kidney; hormones,suprarenal gland,"The adrenal gland is an endocrine gland sitting atop each kidney, producing hormones like adrenaline and cortisol.",Ο επινεφρίδιος αδένας είναι ένας ενδοκρινής αδένας που εδράζεται πάνω από κάθε νεφρό και παράγει ορμόνες όπως η αδρεναλίνη και η κορτιζόλη.
stomach,στομάχι,anatomy,Digestive system,basic,high,esophagus; small intestine,,"The stomach is a muscular, hollow organ in the upper abdomen that digests food by churning it with gastric juices.","Το στομάχι είναι ένα μυώδες, κοίλο όργανο στο άνω μέρος της κοιλιάς που πεπτεί την τροφή αναμειγνύοντάς την με γαστρικά υγρά."
small intestine,λεπτό έντερο,anatomy,Digestive system,basic,high,stomach; large intestine,,"The small intestine is the long, coiled organ where most digestion and nutrient absorption occurs, connecting the stomach to the large intestine:contentReference[oaicite:15]{index=15}.","Το λεπτό έντερο είναι το μακρύ, ελικοειδές όργανο όπου πραγματοποιείται το μεγαλύτερο μέρος της πέψης και της απορρόφησης θρεπτικών ουσιών, συνδέοντας το στομάχι με το παχύ έντερο."
large intestine,παχύ έντερο,anatomy,Digestive system,basic,high,small intestine; rectum,colon,"The large intestine (colon) is the final part of the digestive tract, absorbing water and forming stool from indigestible food matter:contentReference[oaicite:16]{index=16}.","Το παχύ έντερο (κόλον) είναι το τελικό τμήμα του πεπτικού σωλήνα, που απορροφά νερό και σχηματίζει τα κόπρανα από τα μη αφομοιώσιμα υπολείμματα."
pancreas,πάγκρεας,anatomy,Digestive system,basic,high,liver; duodenum,,The pancreas is a glandular organ behind the stomach that produces digestive enzymes and hormones (like insulin).,Το πάγκρεας είναι ένας αδενώδης οργανισμός πίσω από το στομάχι που παράγει πεπτικά ένζυμα και ορμόνες (όπως η ινσουλίνη).
gallbladder,χοληδόχος κύστη,anatomy,Digestive system,basic,high,liver; bile,,"The gallbladder is a small sac-like organ beneath the liver that stores and concentrates bile, releasing it into the small intestine to aid digestion:contentReference[oaicite:17]{index=17}.","Η χοληδόχος κύστη είναι ένα μικρό σάκος κάτω από το ήπαρ που αποθηκεύει και συμπυκνώνει τη χολή, απελευθερώνοντάς την στο λεπτό έντερο για να βοηθήσει στην πέψη."
vermiform appendix,σκωληκοειδής απόφυση,anatomy,Digestive system,basic,medium,cecum,appendix,"The vermiform appendix is a narrow, tube-shaped pouch attached to the cecum (beginning of the large intestine). Inflammation of the appendix causes appendicitis:contentReference[oaicite:18]{index=18}.","Η σκωληκοειδής απόφυση είναι ένας στενός, σωληνοειδής θύλακος που συνδέεται με το τυφλό (αρχή του παχέος εντέρου). Η φλεγμονή της απόφυσης προκαλεί σκωληκοειδίτιδα."
urinary bladder,ουροδόχος κύστη,anatomy,Urinary system,basic,high,kidney; urethra,bladder,The urinary bladder is a hollow muscular organ in the pelvis that stores urine before urination.,Η ουροδόχος κύστη είναι ένα κοίλο μυώδες όργανο στην πύελο που αποθηκεύει τα ούρα πριν την ούρηση.
ureter,ουρητήρας,anatomy,Urinary system,basic,medium,kidney; bladder,,A ureter is one of the two muscular tubes that carry urine from the kidneys to the urinary bladder:contentReference[oaicite:19]{index=19}.,Ο ουρητήρας είναι ένας από τους δύο μυώδεις σωλήνες που μεταφέρουν ούρα από τους νεφρούς στην ουροδόχο κύστη.
urethra,ουρήθρα,anatomy,Urinary system,basic,medium,bladder,,The urethra is the tube that conducts urine from the urinary bladder to the outside of the body during urination.,Η ουρήθρα είναι ο σωλήνας που διοχετεύει τα ούρα από την ουροδόχο κύστη προς τα έξω κατά την ούρηση.
prostate gland,προστάτης αδένας,anatomy,Male reproductive system,basic,high,seminal vesicles; urethra,prostate,"The prostate gland is a walnut-sized gland in males, located below the bladder, that produces seminal fluid; it can be felt during a digital rectal exam:contentReference[oaicite:20]{index=20}:contentReference[oaicite:21]{index=21}.","Ο προστάτης αδένας είναι ένας αδένας μεγέθους καρυδιού στους άνδρες, κάτω από την ουροδόχο κύστη, που παράγει υγρό του σπέρματος; μπορεί να ψηλαφηθεί κατά την δακτυλική εξέταση του ορθού:contentReference[oaicite:22]{index=22}."
testis,όρχις,anatomy,Male reproductive system,basic,high,epididymis; scrotum,testicle,"The testis (testicle) is the male reproductive gland located in the scrotum, responsible for producing sperm and testosterone.",Ο όρχις είναι ο ανδρικός αναπαραγωγικός αδένας που βρίσκεται στο όσχεο και είναι υπεύθυνος για την παραγωγή σπερματοζωαρίων και τεστοστερόνης.
epididymis,επιδιδυμίδα,anatomy,Male reproductive system,intermediate,medium,testis; vas deferens,,The epididymis is a coiled tube at the back of the testis where sperm mature and are stored:contentReference[oaicite:23]{index=23}.,Η επιδιδυμίδα είναι ένας ελικοειδής σωλήνας στο πίσω μέρος του όρχεως όπου τα σπερματοζωάρια ωριμάζουν και αποθηκεύονται:contentReference[oaicite:24]{index=24}.
vas deferens,σπερματικός πόρος,anatomy,Male reproductive system,intermediate,medium,epididymis; ejaculatory duct,ductus deferens,The vas deferens is the duct that transports sperm from the epididymis toward the urethra as part of ejaculation:contentReference[oaicite:25]{index=25}.,Ο σπερματικός πόρος είναι ο αγωγός που μεταφέρει τα σπερματοζωάρια από την επιδιδυμίδα προς την ουρήθρα στο πλαίσιο της εκσπερμάτισης:contentReference[oaicite:26]{index=26}.
spermatic cord,σπερματικός τόνος,anatomy,Male reproductive system,advanced,medium,vas deferens; testicular artery,,"The spermatic cord is a bundle of fibers and tissues (including vas deferens, blood vessels, nerves) that runs from the abdomen to each testicle:contentReference[oaicite:27]{index=27}.","Ο σπερματικός τόνος είναι μία δέσμη ινών και ιστών (που περιλαμβάνει τον σπερματικό πόρο, αγγεία, νεύρα) που εκτείνεται από την κοιλιά έως κάθε όρχι:contentReference[oaicite:28]{index=28}."
ovary,ωοθήκη,anatomy,Female reproductive system,basic,high,uterus; fallopian tube,,The ovary is a female reproductive gland located in the pelvis that produces eggs (ova) and hormones such as estrogen.,Η ωοθήκη είναι ο θηλυκός αναπαραγωγικός αδένας που βρίσκεται στην πύελο και παράγει ωάρια και ορμόνες όπως τα οιστρογόνα.
uterus,μήτρα,anatomy,Female reproductive system,basic,high,ovary; vagina,womb,"The uterus (womb) is a hollow, muscular female reproductive organ in the pelvis where a fertilized egg implants and a fetus develops.","Η μήτρα είναι ένα κοίλο, μυώδες όργανο του θηλυκού αναπαραγωγικού συστήματος στην πύελο, όπου εμφυτεύεται το γονιμοποιημένο ωάριο και αναπτύσσεται το έμβρυο."
lymph node,λεμφαδένας,anatomy,Lymphatic system,basic,high,lymphatic system; spleen,lymph gland,"A lymph node is a small, bean-shaped structure that is part of the lymphatic system; it filters lymph fluid and contains immune cells. Swollen lymph nodes (lymphadenopathy) can indicate infection:contentReference[oaicite:29]{index=29}:contentReference[oaicite:30]{index=30}.",Ο λεμφαδένας είναι μια μικρή δομή σε σχήμα φασολιού που αποτελεί μέρος του λεμφικού συστήματος· φιλτράρει τη λέμφο και περιέχει ανοσοποιητικά κύτταρα. Η διόγκωση των λεμφαδένων (λεμφαδενοπάθεια) μπορεί να υποδηλώνει λοίμωξη:contentReference[oaicite:31]{index=31}:contentReference[oaicite:32]{index=32}.
blood pressure,αρτηριακή πίεση,physiology,,basic,high,heart rate; hypertension,arterial pressure,"Blood pressure is the force exerted by circulating blood on the walls of blood vessels, typically measured in the brachial artery:contentReference[oaicite:33]{index=33}.","Η αρτηριακή πίεση είναι η δύναμη που ασκεί το κυκλοφορούν αίμα στα τοιχώματα των αρτηριών, συνήθως μετράται στη βραχιόνια αρτηρία:contentReference[oaicite:34]{index=34}."
heart rate,καρδιακή συχνότητα,physiology,,basic,high,pulse; tachycardia; bradycardia,pulse rate,"Heart rate is the number of heartbeats per minute, indicating how fast the heart is pumping.","Η καρδιακή συχνότητα είναι ο αριθμός των καρδιακών παλμών ανά λεπτό, που δείχνει πόσο γρήγορα αντλεί η καρδιά."
pulse,σφυγμός,physiology,,basic,high,heart rate; blood pressure,pulse beat,The pulse is the palpable throbbing of arteries as blood is propelled through them with each heartbeat; it can be felt in arteries like the radial or carotid:contentReference[oaicite:35]{index=35}.,Ο σφυγμός είναι η αισθητή παλμική κίνηση των αρτηριών καθώς το αίμα ωθείται μέσα από αυτές με κάθε καρδιακό παλμό· μπορεί να ψηλαφηθεί σε αρτηρίες όπως η κερκιδική ή η καρωτίδα:contentReference[oaicite:36]{index=36}.
respiratory rate,αναπνευστική συχνότητα,physiology,,basic,high,breath sounds; oxygen saturation,breathing rate,"Respiratory rate is the number of breaths taken per minute, reflecting the rate of ventilation.","Η αναπνευστική συχνότητα είναι ο αριθμός αναπνοών ανά λεπτό, που αντικατοπτρίζει τον ρυθμό αερισμού."
body temperature,θερμοκρασία σώματος,physiology,,basic,high,fever; hypothermia,body temp,Body temperature is the measure of the body's internal heat. The normal average is about 37°C orally; variations can indicate fever or hypothermia.,Η θερμοκρασία σώματος είναι η μέτρηση της εσωτερικής θερμότητας του σώματος. Η φυσιολογική μέση τιμή είναι περίπου 37°C από το στόμα· αποκλίσεις μπορεί να υποδηλώνουν πυρετό ή υποθερμία.
reflex,αντανακλαστικό,physiology,,basic,high,pupillary reflex; knee-jerk reflex,,"A reflex is an involuntary, fast response to a stimulus, mediated by the nervous system (for example, the knee-jerk reflex or the gag reflex).","Το αντανακλαστικό είναι μια ακούσια, ταχεία αντίδραση σε ένα ερέθισμα, που διαμεσολαβείται από το νευρικό σύστημα (για παράδειγμα, το αντανακλαστικό του γόνατος ή του φάρυγγα)."
peristalsis,περισταλτισμός,physiology,,basic,medium,digestion; bowel sounds,,"Peristalsis is the coordinated, wave-like contraction of smooth muscles in the digestive tract that moves food through the intestines:contentReference[oaicite:37]{index=37}.","Ο περισταλτισμός είναι η συντονισμένη, κυματιστή σύσπαση των λείων μυών στον πεπτικό σωλήνα που προωθεί την τροφή μέσω των εντέρων:contentReference[oaicite:38]{index=38}."
tachycardia,ταχυκαρδία,physiology,,basic,high,bradycardia; heart rate,rapid heart rate,"Tachycardia is an abnormally fast heart rate, generally defined as a resting heart rate above 100 beats per minute in adults:contentReference[oaicite:39]{index=39}.","Η ταχυκαρδία είναι ο ασυνήθιστα γρήγορος καρδιακός ρυθμός, συνήθως ορίζεται ως καρδιακή συχνότητα σε ηρεμία πάνω από 100 παλμούς ανά λεπτό στους ενήλικες:contentReference[oaicite:40]{index=40}."
bradycardia,βραδυκαρδία,physiology,,basic,high,tachycardia; heart rate,slow heart rate,"Bradycardia is an abnormally slow heart rate, typically defined as a resting heart rate below 60 beats per minute in adults:contentReference[oaicite:41]{index=41}.","Η βραδυκαρδία είναι ο ασυνήθιστα αργός καρδιακός ρυθμός, συνήθως ορίζεται ως καρδιακή συχνότητα σε ηρεμία κάτω από 60 παλμούς ανά λεπτό στους ενήλικες:contentReference[oaicite:42]{index=42}."
cyanosis,κυάνωση,physiology,,basic,high,hypoxia,bluish discoloration,"Cyanosis is a bluish discoloration of the skin and mucous membranes due to insufficient oxygenation of the blood, often seen in hypoxia:contentReference[oaicite:43]{index=43}.","Η κυάνωση είναι ο μπλε-μωβ αποχρωματισμός του δέρματος και των βλεννογόνων λόγω ανεπαρκούς οξυγόνωσης του αίματος, που παρατηρείται συχνά σε υποξία:contentReference[oaicite:44]{index=44}."
jaundice,ίκτερος,physiology,,basic,high,bilirubin; hepatitis,icterus,"Jaundice is a yellowish discoloration of the skin and eyes caused by elevated bilirubin levels, often due to liver dysfunction.","Ο ίκτερος είναι ο κιτρινωπός αποχρωματισμός του δέρματος και των ματιών που προκαλείται από αυξημένα επίπεδα χολερυθρίνης, συνήθως λόγω ηπατικής δυσλειτουργίας."
edema,οίδημα,physiology,,basic,high,inflammation; heart failure,swelling,"Edema is swelling caused by excess fluid trapped in the body's tissues, which can occur in various parts of the body (e.g., ankles, lungs).","Το οίδημα είναι το πρήξιμο που προκαλείται από περίσσεια υγρού παγιδευμένου στους ιστούς του σώματος και μπορεί να εμφανιστεί σε διάφορα μέρη του σώματος (π.χ. αστραγάλους, πνεύμονες)."
S1 (first heart sound),S1 (πρώτος καρδιακός ήχος),physiology,,intermediate,medium,S2 (second heart sound),,"S1 is the first heart sound, produced by the closure of the mitral and tricuspid valves at the start of ventricular contraction (systole):contentReference[oaicite:45]{index=45}.","Το S1 είναι ο πρώτος καρδιακός ήχος, που παράγεται από το κλείσιμο της μιτροειδούς και της τριγλώχινης βαλβίδας στην έναρξη της συστολής των κοιλιών:contentReference[oaicite:46]{index=46}."
S2 (second heart sound),S2 (δεύτερος καρδιακός ήχος),physiology,,intermediate,medium,S1 (first heart sound),,"S2 is the second heart sound, caused by the closure of the aortic and pulmonary valves at the end of ventricular systole (beginning of diastole):contentReference[oaicite:47]{index=47}.","Το S2 είναι ο δεύτερος καρδιακός ήχος, που προκαλείται από το κλείσιμο της αορτικής και της πνευμονικής βαλβίδας στο τέλος της συστολής των κοιλιών (αρχή της διαστολής):contentReference[oaicite:48]{index=48}."
S3 (third heart sound),S3 (τρίτος καρδιακός ήχος),physiology,,advanced,medium,heart failure,,"S3 is the third heart sound, a low-frequency sound occurring early in diastole; it can be a normal finding in young people or a sign of heart failure in older adults:contentReference[oaicite:49]{index=49}.","Το S3 είναι ο τρίτος καρδιακός ήχος, ένας ήχος χαμηλής συχνότητας που εμφανίζεται νωρίς στη διαστολή· μπορεί να είναι φυσιολογικό εύρημα σε νέους ή ένδειξη καρδιακής ανεπάρκειας σε μεγαλύτερους ενήλικες:contentReference[oaicite:50]{index=50}."
S4 (fourth heart sound),S4 (τέταρτος καρδιακός ήχος),physiology,,advanced,medium,stiff ventricle,,"S4 is the fourth heart sound, heard just before S1 (late diastole) often due to a stiff left ventricle; it is associated with conditions like left ventricular hypertrophy:contentReference[oaicite:51]{index=51}.","Το S4 είναι ο τέταρτος καρδιακός ήχος, που ακούγεται λίγο πριν το S1 (όψιμη διαστολή) και συχνά οφείλεται σε μη ευένδοτη αριστερή κοιλία· συνδέεται με καταστάσεις όπως η υπερτροφία της αριστερής κοιλίας:contentReference[oaicite:52]{index=52}."
breath sounds,αναπνευστικοί ήχοι,physiology,,basic,high,crackles; wheezes,lung sounds,"Breath sounds are the noises produced by air moving through the respiratory tract, heard during auscultation of the lungs (e.g., vesicular breathing or abnormal sounds).",Οι αναπνευστικοί ήχοι είναι οι θόρυβοι που παράγονται από τον αέρα καθώς κινείται μέσω του αναπνευστικού σωλήνα και ακούγονται κατά την ακρόαση των πνευμόνων (π.χ. φυσιολογικός φυσαλιδώδης ήχος ή παθολογικοί ήχοι).
crackles,ρόγχοι υγροί,physiology,,intermediate,medium,breath sounds; pneumonia,rales,"Crackles (rales) are abnormal breath sounds characterized by popping or crackling noises, often heard in the lungs of patients with fluid in the airways (e.g., pneumonia):contentReference[oaicite:53]{index=53}.","Οι υγροί ρόγχοι είναι παθολογικοί αναπνευστικοί ήχοι που χαρακτηρίζονται από ήχο κριτσανίσματος ή τριξίματος, και συχνά ακούγονται στους πνεύμονες ασθενών με υγρό στους αεραγωγούς (π.χ. σε πνευμονία)."
wheezes,ρόγχοι ξηροί,physiology,,intermediate,medium,asthma; breath sounds,wheezing,"Wheezes are high-pitched whistling breath sounds caused by narrowed airways, commonly heard in conditions like asthma:contentReference[oaicite:54]{index=54}.","Οι ξηροί ρόγχοι είναι υψηλοί συριγμοί κατά την αναπνοή που προκαλούνται από στένωση των αεραγωγών, και συνήθως ακούγονται σε καταστάσεις όπως το άσθμα."
heart murmur,καρδιακό φύσημα,physiology,,basic,medium,valve disease; bruit,murmur,"A heart murmur is an abnormal sound heard during heartbeat, often as a whooshing or swishing noise, caused by turbulent blood flow across heart valves:contentReference[oaicite:55]{index=55}.","Το καρδιακό φύσημα είναι ένας ανώμαλος ήχος που ακούγεται κατά τον καρδιακό παλμό, συχνά ως θόρυβος συριγμού ή φύσηματος, που προκαλείται από τυρβώδη ροή αίματος δια μέσου των καρδιακών βαλβίδων."
cough,βήχας,physiology,,basic,high,respiratory infection,,"A cough is a reflex action to clear the airways of mucus, irritants, or foreign particles; it is a common symptom of respiratory irritation or infection.","Ο βήχας είναι μια αντανακλαστική ενέργεια για την απομάκρυνση βλέννας, ερεθιστικών ουσιών ή ξένων σωματιδίων από τους αεραγωγούς· αποτελεί κοινό σύμπτωμα αναπνευστικού ερεθισμού ή λοίμωξης."
dyspnea,δύσπνοια,physiology,,basic,high,cyanosis; orthopnea,shortness of breath,"Dyspnea is the sensation of difficulty or uncomfortable breathing, often described as shortness of breath, and can occur with exertion or at rest:contentReference[oaicite:56]{index=56}.","Η δύσπνοια είναι η αίσθηση δυσκολίας ή άβολης αναπνοής, συχνά περιγράφεται ως λαχάνιασμα, και μπορεί να συμβεί κατά την άσκηση ή σε ηρεμία."
nystagmus,νυσταγμός,physiology,,advanced,medium,vestibular system,,"Nystagmus is an involuntary, rapid, rhythmic movement of the eyes, which can be horizontal, vertical or rotary, often indicating neurological or vestibular dysfunction:contentReference[oaicite:57]{index=57}.","Ο νυσταγμός είναι μια ακούσια, ταχεία, ρυθμική κίνηση των οφθαλμών, η οποία μπορεί να είναι οριζόντια, κάθετη ή στροφική, και συχνά υποδηλώνει νευρολογική ή αιθουσαία διαταραχή:contentReference[oaicite:58]{index=58}."
miosis,μύση,physiology,,advanced,medium,pupillary reflex; mydriasis,pupil constriction,"Miosis is the constriction of the pupil of the eye, making it smaller; it can be a normal response to bright light or due to certain drugs or neurological conditions:contentReference[oaicite:59]{index=59}.","Η μύση είναι η στένωση της κόρης του οφθαλμού, κάνοντάς την μικρότερη· μπορεί να είναι φυσιολογική απόκριση σε έντονο φως ή να οφείλεται σε ορισμένα φάρμακα ή νευρολογικές καταστάσεις:contentReference[oaicite:60]{index=60}."
mydriasis,μυδρίαση,physiology,,advanced,medium,pupillary reflex; miosis,pupil dilation,"Mydriasis is the dilation of the pupil of the eye (pupil enlargement), which occurs in low light conditions or due to certain medications or injuries:contentReference[oaicite:61]{index=61}.","Η μυδρίαση είναι η διαστολή της κόρης του οφθαλμού (διεύρυνση της κόρης), που συμβαίνει σε συνθήκες χαμηλού φωτισμού ή λόγω ορισμένων φαρμάκων ή τραυματισμών:contentReference[oaicite:62]{index=62}."
oxygen saturation,κορεσμός οξυγόνου,physiology,,basic,high,cyanosis; hypoxia,O2 saturation,Oxygen saturation is the percentage of hemoglobin binding sites in the bloodstream occupied by oxygen (normal arterial O2 saturation is typically 95-100%).,Ο κορεσμός οξυγόνου είναι το ποσοστό των θέσεων δέσμευσης της αιμοσφαιρίνης στην κυκλοφορία του αίματος που καταλαμβάνονται από οξυγόνο (φυσιολογικά η αρτηριακή οξυγόνωση είναι 95-100%).
glomerular filtration rate,ρυθμός σπειραματικής διήθησης,physiology,,advanced,medium,kidney function,GFR,"Glomerular filtration rate (GFR) is the rate at which the kidneys filter blood through the glomeruli, usually measured in mL/min; it is a key indicator of renal function:contentReference[oaicite:63]{index=63}.","Ο ρυθμός σπειραματικής διήθησης (GFR) είναι ο ρυθμός με τον οποίο οι νεφροί φιλτράρουν το αίμα μέσω των σπειραμάτων, συνήθως μετράται σε mL/min· αποτελεί βασικό δείκτη της νεφρικής λειτουργίας:contentReference[oaicite:64]{index=64}."
oliguria,ολιγουρία,physiology,,intermediate,medium,urine output; renal failure,low urine output,"Oliguria is the production of an abnormally small amount of urine, often defined as less than 400 mL of urine output per day in adults:contentReference[oaicite:65]{index=65}.","Η ολιγουρία είναι η παραγωγή ασυνήθιστα μικρής ποσότητας ούρων, συχνά ορίζεται ως λιγότερο από 400 mL ούρων την ημέρα στους ενήλικες:contentReference[oaicite:66]{index=66}."
polyuria,πολυουρία,physiology,,intermediate,medium,diabetes mellitus,excessive urination,"Polyuria is the production of an abnormally large volume of urine, typically above 3 liters per day in adults, and can be a symptom of conditions like diabetes:contentReference[oaicite:67]{index=67}.","Η πολυουρία είναι η παραγωγή ασυνήθιστα μεγάλου όγκου ούρων, συνήθως πάνω από 3 λίτρα την ημέρα στους ενήλικες, και μπορεί να αποτελεί σύμπτωμα καταστάσεων όπως ο διαβήτης:contentReference[oaicite:68]{index=68}."
hematuria,αιματουρία,physiology,,intermediate,medium,urinary tract infection; kidney stones,blood in urine,"Hematuria is the presence of blood in the urine, which can be visible (gross hematuria) or microscopic; it is a sign of urinary tract pathology.","Η αιματουρία είναι η παρουσία αίματος στα ούρα, η οποία μπορεί να είναι ορατή (μακροσκοπική αιματουρία) ή μικροσκοπική· αποτελεί ένδειξη παθολογίας του ουροποιητικού συστήματος."
pain,πόνος,physiology,,basic,high,nociception,ache,Pain is an unpleasant sensory and emotional experience associated with actual or potential tissue damage. It serves as a protective mechanism indicating something is wrong.,"Ο πόνος είναι μια δυσάρεστη αισθητική και συναισθηματική εμπειρία που σχετίζεται με πραγματική ή δυνητική ιστική βλάβη. Λειτουργεί ως προστατευτικός μηχανισμός, υποδεικνύοντας ότι κάτι δεν πάει καλά."
referred pain,αντανακλαστικός πόνος,physiology,,advanced,medium,nerve pathways,reflected pain,"Referred pain is pain perceived at a location other than the site of the painful stimulus, due to networked nerve pathways (e.g., shoulder pain from diaphragmatic irritation):contentReference[oaicite:69]{index=69}.","Ο αντανακλαστικός πόνος είναι πόνος που γίνεται αντιληπτός σε σημείο διαφορετικό από εκείνο του ερεθίσματος που τον προκάλεσε, λόγω διασυνδεδεμένων νευρικών οδών (π.χ. πόνος στον ώμο από ερεθισμό του διαφράγματος):contentReference[oaicite:70]{index=70}."
syncope,συγκοπή,physiology,,intermediate,medium,hypotension,fainting,"Syncope is a temporary loss of consciousness (fainting) caused by a sudden drop in blood flow to the brain, often due to hypotension.","Η συγκοπή είναι μια παροδική απώλεια συνείδησης (λιποθυμία) που προκαλείται από αιφνίδια μείωση της ροής αίματος προς τον εγκέφαλο, συχνά λόγω υπότασης."
inspection,επισκόπηση,procedures,Physical examination,basic,high,palpation; auscultation,observational exam,"Inspection is the first step of physical examination, involving careful visual observation of the patient for any signs of disease or abnormality:contentReference[oaicite:71]{index=71}.","Η επισκόπηση είναι το πρώτο βήμα της φυσικής εξέτασης, περιλαμβάνοντας προσεκτική οπτική παρατήρηση του ασθενούς για τυχόν σημεία νόσου ή ανωμαλίας:contentReference[oaicite:72]{index=72}."
palpation,ψηλάφηση,procedures,Physical examination,basic,high,inspection; percussion,touch examination,"Palpation is a physical examination technique in which the examiner uses their hands to feel the body (e.g., organs, masses, tenderness) to detect abnormalities:contentReference[oaicite:73]{index=73}.","Η ψηλάφηση είναι μια τεχνική κλινικής εξέτασης κατά την οποία ο εξεταστής χρησιμοποιεί τα χέρια του για να αισθανθεί το σώμα (π.χ. όργανα, μάζες, ευαισθησίες) ώστε να εντοπίσει ανωμαλίες:contentReference[oaicite:74]{index=74}."
percussion,επίκρουση,procedures,Physical examination,basic,high,auscultation; palpation,tapping examination,"Percussion is a clinical examination method where the examiner taps on the surface of the body to produce sounds, helping to determine the condition of internal organs (e.g., detecting fluid or solid masses):contentReference[oaicite:75]{index=75}.","Η επίκρουση είναι μια μέθοδος κλινικής εξέτασης κατά την οποία ο εξεταστής κρούει την επιφάνεια του σώματος για να παραγάγει ήχους, βοηθώντας στον προσδιορισμό της κατάστασης των εσωτερικών οργάνων (π.χ. ανίχνευση υγρού ή συμπαγών μαζών):contentReference[oaicite:76]{index=76}."
auscultation,ακρόαση,procedures,Physical examination,basic,high,percussion; breath sounds,listening with stethoscope,"Auscultation is the act of listening to the internal sounds of the body, usually using a stethoscope, such as heartbeats, lung breaths, or bowel sounds:contentReference[oaicite:77]{index=77}.","Η ακρόαση είναι η πράξη ακρόασης των εσωτερικών ήχων του σώματος, συνήθως με τη χρήση στηθοσκοπίου, όπως οι καρδιακοί παλμοί, οι αναπνευστικοί ήχοι ή οι εντερικοί ήχοι:contentReference[oaicite:78]{index=78}."
digital rectal examination,δακτυλική εξέταση ορθού,procedures,Physical examination,basic,high,prostate exam; rectum,DRE,Digital rectal examination (DRE) is a procedure where a healthcare provider inserts a lubricated gloved finger into the rectum to palpate for abnormalities in organs like the prostate or rectal wall:contentReference[oaicite:79]{index=79}.,Η δακτυλική εξέταση του ορθού είναι μια διαδικασία κατά την οποία ο γιατρός εισάγει ένα λιπασμένο γαντοφορεμένο δάκτυλο στο ορθό για να ψηλαφήσει ανωμαλίες σε όργανα όπως ο προστάτης ή το τοίχωμα του ορθού:contentReference[oaicite:80]{index=80}.
vaginal examination,κολπική εξέταση,procedures,Physical examination,basic,high,pelvic exam,bimanual exam,"A vaginal examination is a procedure where a healthcare provider examines the vagina and cervix, often using a speculum and gloved hand, to assess gynecological health:contentReference[oaicite:81]{index=81}.","Η κολπική εξέταση είναι μια διαδικασία κατά την οποία ο γιατρός εξετάζει τον κόλπο και τον τράχηλο, συχνά χρησιμοποιώντας κολποδιαστολέα και γαντοφορεμένο χέρι, για να αξιολογήσει τη γυναικολογική υγεία:contentReference[oaicite:82]{index=82}."
biopsy,βιοψία,procedures,Diagnostic procedure,basic,high,histology,,"A biopsy is a diagnostic procedure involving the removal of a small sample of tissue from the body for examination under a microscope, to help diagnose disease (e.g., lymph node biopsy):contentReference[oaicite:83]{index=83}.","Η βιοψία είναι μια διαγνωστική διαδικασία που περιλαμβάνει την αφαίρεση ενός μικρού δείγματος ιστού από το σώμα για εξέταση στο μικροσκόπιο, βοηθώντας στη διάγνωση ασθενειών (π.χ. βιοψία λεμφαδένα):contentReference[oaicite:84]{index=84}."
ultrasound scan,υπερηχογράφημα,procedures,Imaging,basic,high,CT scan; MRI,sonography,"An ultrasound scan is an imaging procedure that uses high-frequency sound waves to create live images of internal organs or fetuses, commonly used because it is non-invasive and radiation-free.","Το υπερηχογράφημα είναι μια απεικονιστική διαδικασία που χρησιμοποιεί ηχητικά κύματα υψηλής συχνότητας για να δημιουργήσει ζωντανές εικόνες εσωτερικών οργάνων ή εμβρύων, και χρησιμοποιείται ευρέως επειδή είναι μη επεμβατικό και χωρίς ακτινοβολία."
X-ray imaging,ακτινογραφία,procedures,Imaging,basic,high,CT scan,radiography,"X-ray imaging (radiography) is a diagnostic procedure that uses X-rays to produce images of structures inside the body, especially useful for visualizing bones and chest organs.","Η ακτινογραφία είναι μια διαγνωστική διαδικασία που χρησιμοποιεί ακτίνες Χ για να παράγει εικόνες των δομών μέσα στο σώμα, ιδιαίτερα χρήσιμη για την απεικόνιση οστών και οργάνων του θώρακα."
computed tomography,αξονική τομογραφία,procedures,Imaging,basic,high,X-ray,CT scan,Computed tomography (CT scan) is an imaging procedure that uses a series of X-ray measurements taken from different angles and computer processing to create cross-sectional images of the body.,Η αξονική τομογραφία (CT) είναι μια απεικονιστική διαδικασία που χρησιμοποιεί μια σειρά ακτινογραφικών λήψεων από διαφορετικές γωνίες και υπολογιστική επεξεργασία για να δημιουργήσει εγκάρσιες τομές του σώματος.
magnetic resonance imaging,μαγνητική τομογραφία,procedures,Imaging,basic,high,CT scan,MRI,"Magnetic resonance imaging (MRI) is an imaging technique that uses strong magnetic fields and radio waves to generate detailed images of organs and tissues, without using ionizing radiation.","Η μαγνητική τομογραφία (MRI) είναι μια τεχνική απεικόνισης που χρησιμοποιεί ισχυρά μαγνητικά πεδία και ραδιοκύματα για να δημιουργήσει λεπτομερείς εικόνες οργάνων και ιστών, χωρίς τη χρήση ιοντίζουσας ακτινοβολίας."
endoscopy,ενδοσκόπηση,procedures,Diagnostic procedure,basic,high,gastroscopy; colonoscopy,,"Endoscopy is a procedure where a flexible tube with a camera (endoscope) is inserted into the body (through mouth, rectum, etc.) to visualize internal organs like the gastrointestinal tract.","Η ενδοσκόπηση είναι μια διαδικασία κατά την οποία ένας εύκαμπτος σωλήνας με κάμερα (ενδοσκόπιο) εισάγεται στο σώμα (μέσω του στόματος, του ορθού κλπ.) για την απεικόνιση εσωτερικών οργάνων όπως ο γαστρεντερικός σωλήνας."
colonoscopy,κολονοσκόπηση,procedures,Diagnostic procedure,intermediate,high,endoscopy,,"Colonoscopy is an endoscopic examination of the colon (large intestine) using a colonoscope inserted through the rectum, used to detect abnormalities like polyps or cancers.","Η κολονοσκόπηση είναι μια ενδοσκοπική εξέταση του παχέος εντέρου με χρήση κολονοσκοπίου που εισάγεται μέσω του ορθού, και χρησιμοποιείται για τον εντοπισμό ανωμαλιών όπως οι πολύποδες ή ο καρκίνος."
gastroscopy,γαστροσκόπηση,procedures,Diagnostic procedure,intermediate,high,endoscopy,upper endoscopy,"Gastroscopy is an endoscopic procedure to visualize the interior of the stomach and duodenum, using an endoscope passed through the mouth.","Η γαστροσκόπηση είναι μια ενδοσκοπική διαδικασία για την επισκόπηση του εσωτερικού του στομάχου και του δωδεκαδακτύλου, με τη χρήση ενδοσκοπίου που περνά μέσω του στόματος."
surgery,χειρουργική επέμβαση,procedures,Surgical procedure,basic,high,laparotomy; laparoscopy,operation,"Surgery is a medical procedure involving an incision with instruments to repair, remove, or replace a part of the body or treat disease.","Η χειρουργική επέμβαση είναι ιατρική διαδικασία που περιλαμβάνει τομή με εργαλεία για την αποκατάσταση, αφαίρεση ή αντικατάσταση μέρους του σώματος ή τη θεραπεία μιας νόσου."
laparoscopy,λαπαροσκόπηση,procedures,Surgical procedure,intermediate,high,laparotomy,minimally invasive surgery,Laparoscopy is a minimally invasive surgical procedure in which operations in the abdomen are performed through small incisions using a camera and specialized instruments.,Η λαπαροσκόπηση είναι μια ελάχιστα επεμβατική χειρουργική διαδικασία κατά την οποία χειρουργικές επεμβάσεις στην κοιλιά εκτελούνται μέσω μικρών τομών με χρήση κάμερας και εξειδικευμένων εργαλείων.
injection,ένεση,procedures,Therapeutic procedure,basic,high,infusion,shot,"An injection is a procedure of administering a liquid (medication or vaccine) into the body using a syringe and needle, often intramuscularly or intravenously.","Η ένεση είναι η διαδικασία χορήγησης ενός υγρού (φαρμάκου ή εμβολίου) στο σώμα με χρήση σύριγγας και βελόνας, συχνά ενδομυϊκά ή ενδοφλέβια."
catheterization,καθετηριασμός,procedures,Medical procedure,intermediate,medium,cardiac catheterization; urinary catheter,,"Catheterization is the process of inserting a catheter (a thin flexible tube) into a body cavity or vessel, for example, inserting a urinary catheter into the bladder to drain urine.","Ο καθετηριασμός είναι η διαδικασία εισαγωγής ενός καθετήρα (λεπτού εύκαμπτου σωλήνα) σε μια κοιλότητα ή αγγείο του σώματος, για παράδειγμα, η εισαγωγή ουροκαθετήρα στην κύστη για παροχέτευση των ούρων."
intubation,διασωλήνωση,procedures,Emergency procedure,intermediate,high,ventilation,endotracheal intubation,"Intubation is a medical procedure where a tube is inserted into the trachea (windpipe) to maintain an open airway, often performed in anesthesia or emergency situations to assist breathing.","Η διασωλήνωση είναι ιατρική διαδικασία κατά την οποία ένας σωλήνας εισάγεται στην τραχεία για τη διατήρηση ανοιχτού αεραγωγού, που γίνεται συχνά στην αναισθησία ή σε επείγουσες καταστάσεις για υποβοήθηση της αναπνοής."
Valsalva maneuver,χειρισμός Valsalva,procedures,Clinical maneuver,advanced,medium,heart rate; ear pressure,,"The Valsalva maneuver is a forceful exhalation against a closed airway (e.g., closing the mouth and pinching the nose while blowing out) that affects heart rate and blood pressure, often used to test cardiac function or relieve ear pressure:contentReference[oaicite:85]{index=85}.","Ο χειρισμός Valsalva είναι μια δυναμική εκπνοή ενάντια σε κλειστό αεραγωγό (π.χ. κλείνοντας το στόμα και κρατώντας τη μύτη ενώ φυσάμε) που επηρεάζει τον καρδιακό ρυθμό και την αρτηριακή πίεση, χρησιμοποιείται συχνά για έλεγχο της καρδιακής λειτουργίας ή ανακούφιση πίεσης στα αυτιά:contentReference[oaicite:86]{index=86}."
physical examination,φυσική εξέταση,procedures,Clinical examination,basic,high,inspection; palpation; auscultation,clinical examination,"Physical examination is the process by which a medical professional investigates the body of a patient for signs of disease, typically using techniques like inspection, palpation, percussion, and auscultation:contentReference[oaicite:87]{index=87}.","Η φυσική εξέταση είναι η διαδικασία κατά την οποία ένας ιατρός εξετάζει το σώμα ενός ασθενούς για σημεία νόσου, χρησιμοποιώντας συνήθως τεχνικές όπως επισκόπηση, ψηλάφηση, επίκρουση και ακρόαση:contentReference[oaicite:88]{index=88}."
electrocardiogram,ηλεκτροκαρδιογράφημα,procedures,Diagnostic procedure,basic,high,heart rate,"ECG, EKG","An electrocardiogram (ECG) is a test that records the electrical activity of the heart over time using electrodes placed on the skin, helping to diagnose cardiac conditions.","Το ηλεκτροκαρδιογράφημα (ΗΚΓ) είναι μια εξέταση που καταγράφει την ηλεκτρική δραστηριότητα της καρδιάς με την πάροδο του χρόνου χρησιμοποιώντας ηλεκτρόδια τοποθετημένα στο δέρμα, βοηθώντας στη διάγνωση καρδιακών παθήσεων."
angiography,αγγειογραφία,procedures,Imaging,advanced,medium,catheterization,,"Angiography is an imaging procedure that involves injecting a contrast dye into blood vessels and taking X-ray images to visualize the vessels, often to detect blockages or aneurysms.","Η αγγειογραφία είναι μια απεικονιστική διαδικασία που περιλαμβάνει την έγχυση σκιαγραφικού υγρού στα αιμοφόρα αγγεία και τη λήψη ακτινογραφιών για την απεικόνιση των αγγείων, συχνά για τον εντοπισμό αποφράξεων ή ανευρυσμάτων."
echocardiography,ηχοκαρδιογράφημα,procedures,Imaging,intermediate,high,ultrasound; heart,cardiac ultrasound,"Echocardiography is an ultrasound-based imaging test of the heart, which produces images of heart structures and blood flow, used to evaluate heart function and detect abnormalities.","Το ηχοκαρδιογράφημα είναι μια εξέταση της καρδιάς με βάση τους υπερήχους, η οποία παράγει εικόνες των δομών της καρδιάς και της ροής του αίματος, και χρησιμοποιείται για την αξιολόγηση της καρδιακής λειτουργίας και τον εντοπισμό ανωμαλιών."
lumbar puncture,οσφυονωτιαία παρακέντηση,procedures,Diagnostic procedure,advanced,medium,cerebrospinal fluid,spinal tap,"Lumbar puncture (spinal tap) is a procedure where a needle is inserted into the lower spine (lumbar region) to collect cerebrospinal fluid for diagnostic testing, or to inject medications.",Η οσφυονωτιαία παρακέντηση είναι μια διαδικασία κατά την οποία μια βελόνα εισάγεται στη χαμηλή μοίρα της σπονδυλικής στήλης (οσφυϊκή περιοχή) για να συλλεχθεί εγκεφαλονωτιαίο υγρό για διαγνωστική εξέταση ή για την έγχυση φαρμάκων.
appendectomy,σκωληκοειδεκτομή,procedures,Surgical procedure,basic,high,appendicitis,appendix removal,"Appendectomy is the surgical removal of the vermiform appendix, usually performed to treat appendicitis.","Η σκωληκοειδεκτομή είναι η χειρουργική αφαίρεση της σκωληκοειδούς απόφυσης, που πραγματοποιείται συνήθως για τη θεραπεία της σκωληκοειδίτιδας."
cholecystectomy,χολοκυστεκτομή,procedures,Surgical procedure,basic,high,gallstones; gallbladder,gallbladder removal,"Cholecystectomy is the surgical removal of the gallbladder, commonly performed to treat gallstones or gallbladder inflammation (cholecystitis).","Η χολοκυστεκτομή είναι η χειρουργική αφαίρεση της χοληδόχου κύστης, που πραγματοποιείται συνήθως για τη θεραπεία της χολολιθίασης ή της φλεγμονής της χοληδόχου κύστης (χολοκυστίτιδα)."
Murphy's sign,σημείο Murphy,procedures,Clinical sign,intermediate,medium,cholecystitis; RUQ pain,,Murphy's sign is a clinical test for gallbladder disease where the patient experiences pain upon inhalation when the examiner palpates beneath the right costal margin (indicative of acute cholecystitis):contentReference[oaicite:89]{index=89}.,"Το σημείο Murphy είναι μια κλινική δοκιμασία για πάθηση της χοληδόχου κύστης, κατά την οποία ο ασθενής αισθάνεται πόνο κατά την εισπνοή όταν ο εξεταστής ψηλαφά κάτω από το δεξιό πλευρικό τόξο (ενδεικτικό οξείας χολοκυστίτιδας):contentReference[oaicite:90]{index=90}."
McBurney's point,σημείο McBurney,procedures,Clinical sign,intermediate,medium,appendicitis,,McBurney's point is a location on the abdomen (one-third the distance from the anterior superior iliac spine to the navel) where extreme tenderness indicates possible acute appendicitis:contentReference[oaicite:91]{index=91}.,Το σημείο McBurney είναι ένα σημείο στην κοιλιά (στο ένα τρίτο της απόστασης από την πρόσθια άνω λαγόνια άκανθα προς τον ομφαλό) όπου η έντονη ευαισθησία υποδηλώνει πιθανή οξεία σκωληκοειδίτιδα:contentReference[oaicite:92]{index=92}.
Rovsing's sign,σημείο Rovsing,procedures,Clinical sign,advanced,medium,appendicitis,,"Rovsing's sign is a clinical sign of appendicitis, where pressing on the left lower abdomen causes pain in the right lower abdomen (due to peritoneal irritation):contentReference[oaicite:93]{index=93}.","Το σημείο Rovsing είναι κλινικό σημείο σκωληκοειδίτιδας, κατά το οποίο η πίεση στο αριστερό κάτω μέρος της κοιλιάς προκαλεί πόνο στο δεξιό κάτω μέρος της κοιλιάς (λόγω ερεθισμού του περιτοναίου):contentReference[oaicite:94]{index=94}."
psoas sign,σημείο ψοΐτη,procedures,Clinical sign,advanced,medium,appendicitis,psoas test,The psoas sign is a clinical indicator of appendicitis (especially retrocecal appendicitis) where pain is elicited by extending the right hip (stretching the psoas muscle):contentReference[oaicite:95]{index=95}.,"Το σημείο ψοΐτη είναι κλινικός δείκτης σκωληκοειδίτιδας (ιδίως οπισθοτυφλικής σκωληκοειδίτιδας), όπου ο πόνος προκαλείται με την έκταση του δεξιού ισχίου (διάταση του ψοΐτη μυός):contentReference[oaicite:96]{index=96}."
Grey-Turner's sign,σημείο Grey-Turner,procedures,Clinical sign,advanced,low,acute pancreatitis,,"Grey-Turner's sign is the appearance of bruising (ecchymoses) on the flanks, which can indicate retroperitoneal hemorrhage, such as in acute pancreatitis:contentReference[oaicite:97]{index=97}.","Το σημείο Grey-Turner είναι η εμφάνιση εκχυμώσεων (μελανιών) στις πλευρικές περιοχές της μέσης (στα πλευρά), που μπορεί να υποδηλώνει οπισθοπεριτοναϊκή αιμορραγία, όπως στην οξεία παγκρεατίτιδα:contentReference[oaicite:98]{index=98}."
Cullen's sign,σημείο Cullen,procedures,Clinical sign,advanced,low,acute pancreatitis,,"Cullen's sign is a bluish discoloration around the umbilicus (navel) indicating intra-abdominal bleeding, classically seen in acute hemorrhagic pancreatitis:contentReference[oaicite:99]{index=99}.","Το σημείο Cullen είναι ένας κυανωπός αποχρωματισμός γύρω από τον ομφαλό που υποδηλώνει ενδοκοιλιακή αιμορραγία, κλασικά παρατηρείται σε οξεία αιμορραγική παγκρεατίτιδα:contentReference[oaicite:100]{index=100}."
bronchoscopy,βρογχοσκόπηση,procedures,Diagnostic procedure,intermediate,high,endoscopy; lungs,,"Bronchoscopy is an endoscopic technique of visualizing the inside of the airways (trachea and bronchi) using a flexible bronchoscope passed through the nose or mouth into the lungs, often to diagnose lung disease or remove foreign bodies.","Η βρογχοσκόπηση είναι μια ενδοσκοπική τεχνική οπτικοποίησης του εσωτερικού των αεραγωγών (τραχείας και βρόγχων) με χρήση ενός εύκαμπτου βρογχοσκοπίου που περνά από τη μύτη ή το στόμα στους πνεύμονες, συχνά για τη διάγνωση πνευμονικών παθήσεων ή την αφαίρεση ξένων σωμάτων."
laparotomy,λαπαροτομία,procedures,Surgical procedure,intermediate,high,laparoscopy,open surgery,"Laparotomy is a surgical procedure involving a large incision through the abdominal wall to gain access into the abdominal cavity, typically for operations on abdominal organs.","Η λαπαροτομία είναι χειρουργική διαδικασία που περιλαμβάνει μια μεγάλη τομή μέσω του κοιλιακού τοιχώματος για την πρόσβαση στην κοιλιακή κοιλότητα, συνήθως για επεμβάσεις σε όργανα της κοιλιάς."
dialysis,αιμοκάθαρση,procedures,Therapeutic procedure,basic,high,renal failure,hemodialysis,"Dialysis is a medical process that removes waste products and excess fluid from the blood when the kidneys are not functioning properly, often done by hemodialysis (blood filtration through a machine).","Η αιμοκάθαρση είναι μια ιατρική διαδικασία που απομακρύνει τα απόβλητα προϊόντα και την περίσσεια υγρών από το αίμα όταν οι νεφροί δεν λειτουργούν σωστά, συχνά γίνεται με αιμοκάθαρση (διήθηση του αίματος μέσω μηχανήματος)."
urinalysis,εξέταση ούρων,procedures,Diagnostic procedure,basic,high,urine culture,urine test,"Urinalysis is a diagnostic test of urine that includes physical, chemical, and microscopic examination to detect substances or cells that can indicate various diseases (like infection, kidney disease, diabetes).","Η εξέταση ούρων είναι μια διαγνωστική ανάλυση των ούρων που περιλαμβάνει φυσική, χημική και μικροσκοπική εξέταση για τον εντοπισμό ουσιών ή κυττάρων που μπορεί να υποδηλώνουν διάφορες παθήσεις (όπως λοίμωξη, νεφρική νόσο, διαβήτη)."
blood test,εξέταση αίματος,procedures,Diagnostic procedure,basic,high,CBC; blood chemistry,blood work,"A blood test is a laboratory analysis performed on a blood sample to evaluate health, measuring components like blood cells, electrolytes, enzymes, or markers of infection or disease.","Η εξέταση αίματος είναι μια εργαστηριακή ανάλυση που πραγματοποιείται σε δείγμα αίματος για την αξιολόγηση της υγείας, μετρώντας συστατικά όπως τα αιμοσφαίρια, οι ηλεκτρολύτες, ένζυμα ή δείκτες λοίμωξης ή νόσου."
neurological examination,νευρολογική εξέταση,procedures,Physical examination,basic,high,reflexes; cranial nerves,,"A neurological examination is an assessment of the nervous system performed by a physician, testing mental status, cranial nerves, motor and sensory function, reflexes, coordination, and gait.","Η νευρολογική εξέταση είναι μια αξιολόγηση του νευρικού συστήματος που εκτελείται από ιατρό, με δοκιμές της νοητικής κατάστασης, των κρανιακών νεύρων, της κινητικής και αισθητικής λειτουργίας, των αντανακλαστικών, του συντονισμού και της βάδισης."
ophthalmoscopy,οφθαλμοσκόπηση,procedures,Diagnostic procedure,intermediate,medium,fundus examination,fundoscopy,"Ophthalmoscopy is an eye examination procedure where an ophthalmoscope is used to inspect the interior surface of the eye (fundus), including the retina and optic disc, to detect abnormalities.","Η οφθαλμοσκόπηση είναι μια διαδικασία οφθαλμικής εξέτασης κατά την οποία χρησιμοποιείται ένα οφθαλμοσκόπιο για την επισκόπηση της εσωτερικής επιφάνειας του ματιού (βυθός), συμπεριλαμβανομένου του αμφιβληστροειδούς και της οπτικής θηλής, για την ανίχνευση ανωμαλιών."
cardiac catheterization,καρδιακός καθετηριασμός,procedures,Diagnostic procedure,advanced,high,angiography,,"Cardiac catheterization is an invasive diagnostic procedure in which a thin catheter is inserted into the heart's arteries or chambers (often via a peripheral artery) to measure pressures, inject contrast for angiography, or treat blockages.","Ο καρδιακός καθετηριασμός είναι μια επεμβατική διαγνωστική διαδικασία κατά την οποία ένας λεπτός καθετήρας εισάγεται στις αρτηρίες ή στις κοιλότητες της καρδιάς (συχνά μέσω περιφερικής αρτηρίας) για τη μέτρηση πιέσεων, την έγχυση σκιαγραφικού για αγγειογραφία ή τη θεραπεία αποφράξεων."
angioplasty,αγγειοπλαστική,procedures,Therapeutic procedure,advanced,high,angiography,balloon angioplasty,"Angioplasty is a minimally invasive procedure to widen narrowed or obstructed blood vessels (often coronary arteries) typically using a balloon catheter, sometimes with stent placement to restore blood flow.","Η αγγειοπλαστική είναι μια ελάχιστα επεμβατική διαδικασία για τη διάνοιξη στενωμένων ή αποφραγμένων αιμοφόρων αγγείων (συχνά στεφανιαίων αρτηριών) συνήθως με τη χρήση καθετήρα με μπαλόνι, μερικές φορές με τοποθέτηση στεντ για την αποκατάσταση της ροής του αίματος."
exercise stress test,δοκιμασία κόπωσης,procedures,Diagnostic procedure,intermediate,medium,ECG,treadmill stress test,"An exercise stress test is a cardiac diagnostic test where a patient exercises (often on a treadmill) while heart rate, blood pressure, and ECG are monitored to detect cardiac ischemia or arrhythmias under stress.","Η δοκιμασία κόπωσης είναι μια καρδιολογική διαγνωστική δοκιμή κατά την οποία ένας ασθενής ασκείται (συχνά σε διάδρομο) ενώ παρακολουθούνται ο καρδιακός ρυθμός, η αρτηριακή πίεση και το ΗΚΓ για να εντοπιστεί ισχαιμία ή αρρυθμίες της καρδιάς υπό φόρτιση."
breast augmentation surgery,αυξητική μαστών,procedures,Surgical procedure,advanced,medium,mammoplasty,breast implants,Breast augmentation surgery is a cosmetic surgical procedure involving the placement of implants to increase breast size (breast augmentation with anatomical implants is discussed in the context of plastic surgery literature:contentReference[oaicite:101]{index=101}).,Η αυξητική μαστών είναι μια αισθητική χειρουργική επέμβαση που περιλαμβάνει την τοποθέτηση εμφυτευμάτων για την αύξηση του μεγέθους των μαστών (η αυξητική στήθους με ανατομικά εμφυτεύματα συζητείται στη βιβλιογραφία πλαστικής χειρουργικής:contentReference[oaicite:102]{index=102}).
mammography,μαστογραφία,procedures,Imaging,basic,high,breast cancer screening,mammogram,"Mammography is an X-ray imaging procedure of the breasts, used as a screening and diagnostic tool for breast cancer by detecting abnormal masses or microcalcifications.","Η μαστογραφία είναι μια ακτινολογική απεικονιστική εξέταση των μαστών, που χρησιμοποιείται ως εργαλείο προσυμπτωματικού ελέγχου και διάγνωσης του καρκίνου του μαστού μέσω της ανίχνευσης ανώμαλων μαζών ή μικροαποτιτανώσεων."
anesthesia,αναισθησία,procedures,Therapeutic procedure,basic,high,surgery,,"Anesthesia is a medical practice of administering drugs to prevent or reduce pain during surgery or other procedures, which can be general (rendering the patient unconscious) or local (numbing a specific area).","Η αναισθησία είναι η ιατρική πρακτική χορήγησης φαρμάκων για την αποτροπή ή μείωση του πόνου κατά τη διάρκεια χειρουργικών ή άλλων διαδικασιών, η οποία μπορεί να είναι γενική (προκαλώντας απώλεια συνείδησης) ή τοπική (μουδιάζοντας μια συγκεκριμένη περιοχή)."
